{
"lengthUnit": "mil",
"remark": [],
"components": {
	"fields": ["COMPONENT_NO", "COMPONENT_NAME", "LAYER", "X_COORDINATE", "Y_COORDINATE", "ANGLE"],
	"rows": [
		[1, "3V3", "T", 985, 525, 0],
		[2, "3V3", "T", -760, 535, 0],
		[3, "C1", "T", 595, 370, 270],
		[4, "C2", "T", -660, 50, 0],
		[5, "H3", "T", -215, 240, 270],
		[6, "H4", "T", 385, 240, 90],
		[7, "R1", "T", -595, -420, 90],
		[8, "R2", "T", -380, -420, 90],
		[9, "R3", "T", -860, 300, 180],
		[10, "U1", "T", 115, -650, 0],
		[11, "U2", "T", 575, -650, 0],
		[12, "PAD1", "T", 785, 525, 0],
		[13, "PAD1", "B", 785, 525, 0],
		[14, "PAD2", "T", 885, 525, 0],
		[15, "PAD2", "B", 885, 525, 0],
		[16, "PAD3", "T", 985, 525, 0],
		[17, "PAD3", "B", 985, 525, 0],
		[18, "PAD4", "T", 1085, 525, 0],
		[19, "PAD4", "B", 1085, 525, 0],
		[20, "PAD5", "T", -215, 340, 0],
		[21, "PAD5", "B", -215, 340, 0],
		[22, "PAD6", "T", -215, 240, 0],
		[23, "PAD6", "B", -215, 240, 0],
		[24, "PAD7", "T", -215, 140, 0],
		[25, "PAD7", "B", -215, 140, 0],
		[26, "PAD8", "T", -215, 40, 0],
		[27, "PAD8", "B", -215, 40, 0],
		[28, "PAD9", "T", 385, 340, 0],
		[29, "PAD9", "B", 385, 340, 0],
		[30, "PAD10", "T", 385, 440, 0],
		[31, "PAD10", "B", 385, 440, 0],
		[32, "PAD11", "T", -595, -605.04, 0],
		[33, "PAD11", "B", -595, -605.04, 0],
		[34, "PAD12", "T", -595, -234.96, 0],
		[35, "PAD12", "B", -595, -234.96, 0],
		[36, "PAD13", "T", -380, -605.04, 0],
		[37, "PAD13", "B", -380, -605.04, 0],
		[38, "PAD14", "T", -380, -234.96, 0],
		[39, "PAD14", "B", -380, -234.96, 0],
		[40, "PAD15", "T", -610, 535, 0],
		[41, "PAD15", "B", -610, 535, 0],
		[42, "PAD16", "T", -810, 535, 0],
		[43, "PAD16", "B", -810, 535, 0],
		[44, "PAD17", "T", -910, 535, 0],
		[45, "PAD17", "B", -910, 535, 0],
		[46, "PAD18", "T", -674.96, 300, 0],
		[47, "PAD18", "B", -674.96, 300, 0],
		[48, "PAD19", "T", -1045.04, 300, 0],
		[49, "PAD19", "B", -1045.04, 300, 0],
		[50, "PAD20", "T", 595, 468.425, 0],
		[51, "PAD20", "B", 595, 468.425, 0],
		[52, "PAD21", "T", 595, 271.575, 0],
		[53, "PAD21", "B", 595, 271.575, 0],
		[54, "PAD22", "T", -758.425, 50, 0],
		[55, "PAD22", "B", -758.425, 50, 0],
		[56, "PAD23", "T", -561.575, 50, 0],
		[57, "PAD23", "B", -561.575, 50, 0],
		[58, "PAD24", "T", 535.63, -650, 0],
		[59, "PAD24", "B", 535.63, -650, 0],
		[60, "PAD25", "T", 614.37, -650, 0],
		[61, "PAD25", "B", 614.37, -650, 0],
		[62, "PAD26", "T", 75.63, -650, 0],
		[63, "PAD26", "B", 75.63, -650, 0],
		[64, "PAD27", "T", 154.37, -650, 0],
		[65, "PAD27", "B", 154.37, -650, 0]
	]
},
"pins": {
	"fields": ["PIN_NO", "PIN_NAME", "PIN_X", "PIN_Y", "LAYER", "PIN_TYPE", "NET_NAME", "NET_TYPE", "PAD_SHAPE", "PAD_SIZEX", "PAD_SIZEY", "HOLE_SIZE", "HOLE_LEN", "PAD_ANGLE"],
	"rows": [
		[1, "3V3_1", 785, 525, "T", "DIP", "3V3", "", "R", 66.929, 66.929, 43.308, 43.308, 0],
		[2, "3V3_1", 785, 525, "B", "DIP", "3V3", "", "R", 66.929, 66.929, 43.308, 43.308, 0],
		[3, "3V3_2", 885, 525, "T", "DIP", "GND", "GND", "C", 66.929, 66.929, 43.308, 43.308, 0],
		[4, "3V3_2", 885, 525, "B", "DIP", "GND", "GND", "C", 66.929, 66.929, 43.308, 43.308, 0],
		[5, "3V3_3", 985, 525, "T", "DIP", "$1N1924", "", "C", 66.929, 66.929, 43.308, 43.308, 0],
		[6, "3V3_3", 985, 525, "B", "DIP", "$1N1924", "", "C", 66.929, 66.929, 43.308, 43.308, 0],
		[7, "3V3_4", 1085, 525, "T", "DIP", "$1N1919", "", "C", 66.929, 66.929, 43.308, 43.308, 0],
		[8, "3V3_4", 1085, 525, "B", "DIP", "$1N1919", "", "C", 66.929, 66.929, 43.308, 43.308, 0],
		[9, "3V3_5", 1185, 525, "T", "DIP", "NET_1", "", "C", 66.929, 66.929, 43.308, 43.308, 0],
		[10, "3V3_5", 1185, 525, "B", "DIP", "NET_1", "", "C", 66.929, 66.929, 43.308, 43.308, 0],
		[11, "3V3_1", -910, 535, "T", "DIP", "3V3", "", "R", 63.779, 63.779, 40.158, 40.158, 0],
		[12, "3V3_1", -910, 535, "B", "DIP", "3V3", "", "R", 63.779, 63.779, 40.158, 40.158, 0],
		[13, "3V3_2", -810, 535, "T", "DIP", "$1N2943", "", "C", 63.779, 63.779, 40.158, 40.158, 0],
		[14, "3V3_2", -810, 535, "B", "DIP", "$1N2943", "", "C", 63.779, 63.779, 40.158, 40.158, 0],
		[15, "3V3_3", -710, 535, "T", "DIP", "NET_2", "", "C", 63.779, 63.779, 40.158, 40.158, 0],
		[16, "3V3_3", -710, 535, "B", "DIP", "NET_2", "", "C", 63.779, 63.779, 40.158, 40.158, 0],
		[17, "3V3_4", -610, 535, "T", "DIP", "GND", "GND", "C", 63.779, 63.779, 40.158, 40.158, 0],
		[18, "3V3_4", -610, 535, "B", "DIP", "GND", "GND", "C", 63.779, 63.779, 40.158, 40.158, 0],
		[19, "C1_1", 595, 468.425, "T", "DIP", "GND", "GND", "C", 70.866, 70.866, 47.244, 47.244, 270],
		[20, "C1_1", 595, 468.425, "B", "DIP", "GND", "GND", "C", 70.866, 70.866, 47.244, 47.244, 270],
		[21, "C1_2", 595, 271.575, "T", "DIP", "3V3", "", "C", 70.866, 70.866, 47.244, 47.244, 270],
		[22, "C1_2", 595, 271.575, "B", "DIP", "3V3", "", "C", 70.866, 70.866, 47.244, 47.244, 270],
		[23, "C2_1", -758.425, 50, "T", "DIP", "GND", "GND", "C", 70.866, 70.866, 47.244, 47.244, 0],
		[24, "C2_1", -758.425, 50, "B", "DIP", "GND", "GND", "C", 70.866, 70.866, 47.244, 47.244, 0],
		[25, "C2_2", -561.575, 50, "T", "DIP", "$1N2550", "", "C", 70.866, 70.866, 47.244, 47.244, 0],
		[26, "C2_2", -561.575, 50, "B", "DIP", "$1N2550", "", "C", 70.866, 70.866, 47.244, 47.244, 0],
		[27, "H3_1", -215, 540, "T", "DIP", "NET_3", "", "R", 66.929, 66.929, 43.308, 43.308, 270],
		[28, "H3_1", -215, 540, "B", "DIP", "NET_3", "", "R", 66.929, 66.929, 43.308, 43.308, 270],
		[29, "H3_2", -215, 440, "T", "DIP", "NET_4", "", "C", 66.929, 66.929, 43.308, 43.308, 270],
		[30, "H3_2", -215, 440, "B", "DIP", "NET_4", "", "C", 66.929, 66.929, 43.308, 43.308, 270],
		[31, "H3_3", -215, 340, "T", "DIP", "$1N2550", "", "C", 66.929, 66.929, 43.308, 43.308, 270],
		[32, "H3_3", -215, 340, "B", "DIP", "$1N2550", "", "C", 66.929, 66.929, 43.308, 43.308, 270],
		[33, "H3_4", -215, 240, "T", "DIP", "$1N2943", "", "C", 66.929, 66.929, 43.308, 43.308, 270],
		[34, "H3_4", -215, 240, "B", "DIP", "$1N2943", "", "C", 66.929, 66.929, 43.308, 43.308, 270],
		[35, "H3_5", -215, 140, "T", "DIP", "$1N1919", "", "C", 66.929, 66.929, 43.308, 43.308, 270],
		[36, "H3_5", -215, 140, "B", "DIP", "$1N1919", "", "C", 66.929, 66.929, 43.308, 43.308, 270],
		[37, "H3_6", -215, 40, "T", "DIP", "$1N1924", "", "C", 66.929, 66.929, 43.308, 43.308, 270],
		[38, "H3_6", -215, 40, "B", "DIP", "$1N1924", "", "C", 66.929, 66.929, 43.308, 43.308, 270],
		[39, "H3_7", -215, -60, "T", "DIP", "NET_5", "", "C", 66.929, 66.929, 43.308, 43.308, 270],
		[40, "H3_7", -215, -60, "B", "DIP", "NET_5", "", "C", 66.929, 66.929, 43.308, 43.308, 270],
		[41, "H4_1", 385, -60, "T", "DIP", "NET_6", "", "R", 66.929, 66.929, 43.308, 43.308, 90],
		[42, "H4_1", 385, -60, "B", "DIP", "NET_6", "", "R", 66.929, 66.929, 43.308, 43.308, 90],
		[43, "H4_2", 385, 40, "T", "DIP", "NET_7", "", "C", 66.929, 66.929, 43.308, 43.308, 90],
		[44, "H4_2", 385, 40, "B", "DIP", "NET_7", "", "C", 66.929, 66.929, 43.308, 43.308, 90],
		[45, "H4_3", 385, 140, "T", "DIP", "NET_8", "", "C", 66.929, 66.929, 43.308, 43.308, 90],
		[46, "H4_3", 385, 140, "B", "DIP", "NET_8", "", "C", 66.929, 66.929, 43.308, 43.308, 90],
		[47, "H4_4", 385, 240, "T", "DIP", "NET_9", "", "C", 66.929, 66.929, 43.308, 43.308, 90],
		[48, "H4_4", 385, 240, "B", "DIP", "NET_9", "", "C", 66.929, 66.929, 43.308, 43.308, 90],
		[49, "H4_5", 385, 340, "T", "DIP", "3V3", "", "C", 66.929, 66.929, 43.308, 43.308, 90],
		[50, "H4_5", 385, 340, "B", "DIP", "3V3", "", "C", 66.929, 66.929, 43.308, 43.308, 90],
		[51, "H4_6", 385, 440, "T", "DIP", "GND", "GND", "C", 66.929, 66.929, 43.308, 43.308, 90],
		[52, "H4_6", 385, 440, "B", "DIP", "GND", "GND", "C", 66.929, 66.929, 43.308, 43.308, 90],
		[53, "H4_7", 385, 540, "T", "DIP", "NET_10", "", "C", 66.929, 66.929, 43.308, 43.308, 90],
		[54, "H4_7", 385, 540, "B", "DIP", "NET_10", "", "C", 66.929, 66.929, 43.308, 43.308, 90],
		[55, "R1_1", -595, -605.04, "T", "DIP", "VCC", "", "C", 66.9291, 66.9291, 31.496, 31.496, 90],
		[56, "R1_1", -595, -605.04, "B", "DIP", "VCC", "", "C", 66.9291, 66.9291, 31.496, 31.496, 90],
		[57, "R1_2", -595, -234.96, "T", "DIP", "$1N2550", "", "C", 66.9291, 66.9291, 31.496, 31.496, 270],
		[58, "R1_2", -595, -234.96, "B", "DIP", "$1N2550", "", "C", 66.9291, 66.9291, 31.496, 31.496, 270],
		[59, "R2_1", -380, -605.04, "T", "DIP", "GND", "GND", "C", 66.9291, 66.9291, 31.496, 31.496, 90],
		[60, "R2_1", -380, -605.04, "B", "DIP", "GND", "GND", "C", 66.9291, 66.9291, 31.496, 31.496, 90],
		[61, "R2_2", -380, -234.96, "T", "DIP", "$1N2550", "", "C", 66.9291, 66.9291, 31.496, 31.496, 270],
		[62, "R2_2", -380, -234.96, "B", "DIP", "$1N2550", "", "C", 66.9291, 66.9291, 31.496, 31.496, 270],
		[63, "R3_1", -674.96, 300, "T", "DIP", "$1N2943", "", "C", 66.9291, 66.9291, 31.496, 31.496, 180],
		[64, "R3_1", -674.96, 300, "B", "DIP", "$1N2943", "", "C", 66.9291, 66.9291, 31.496, 31.496, 180],
		[65, "R3_2", -1045.04, 300, "T", "DIP", "3V3", "", "C", 66.9291, 66.9291, 31.496, 31.496, 0],
		[66, "R3_2", -1045.04, 300, "B", "DIP", "3V3", "", "C", 66.9291, 66.9291, 31.496, 31.496, 0],
		[67, "U1_1", 75.63, -650, "T", "DIP", "VCC", "", "R", 59.055, 59.055, 35.434, 35.434, 0],
		[68, "U1_1", 75.63, -650, "B", "DIP", "VCC", "", "R", 59.055, 59.055, 35.434, 35.434, 0],
		[69, "U1_2", 154.37, -650, "T", "DIP", "GND", "GND", "C", 59.055, 59.055, 35.434, 35.434, 0],
		[70, "U1_2", 154.37, -650, "B", "DIP", "GND", "GND", "C", 59.055, 59.055, 35.434, 35.434, 0],
		[71, "U2_1", 535.63, -650, "T", "DIP", "VCC", "", "R", 59.055, 59.055, 35.434, 35.434, 0],
		[72, "U2_1", 535.63, -650, "B", "DIP", "VCC", "", "R", 59.055, 59.055, 35.434, 35.434, 0],
		[73, "U2_2", 614.37, -650, "T", "DIP", "GND", "GND", "C", 59.055, 59.055, 35.434, 35.434, 0],
		[74, "U2_2", 614.37, -650, "B", "DIP", "GND", "GND", "C", 59.055, 59.055, 35.434, 35.434, 0],
		[75, "PAD1_1", 785, 525, "T", "DIP", "3V3", "", "R", 66.929, 66.929, 43.308, 43.308, 0],
		[76, "PAD1_1", 785, 525, "B", "DIP", "3V3", "", "R", 66.929, 66.929, 43.308, 43.308, 0],
		[77, "PAD2_2", 885, 525, "T", "DIP", "GND", "GND", "C", 66.929, 66.929, 43.308, 43.308, 0],
		[78, "PAD2_2", 885, 525, "B", "DIP", "GND", "GND", "C", 66.929, 66.929, 43.308, 43.308, 0],
		[79, "PAD3_3", 985, 525, "T", "DIP", "$1N1924", "", "C", 66.929, 66.929, 43.308, 43.308, 0],
		[80, "PAD3_3", 985, 525, "B", "DIP", "$1N1924", "", "C", 66.929, 66.929, 43.308, 43.308, 0],
		[81, "PAD4_4", 1085, 525, "T", "DIP", "$1N1919", "", "C", 66.929, 66.929, 43.308, 43.308, 0],
		[82, "PAD4_4", 1085, 525, "B", "DIP", "$1N1919", "", "C", 66.929, 66.929, 43.308, 43.308, 0],
		[83, "PAD5_3", -215, 340, "T", "DIP", "$1N2550", "", "C", 66.929, 66.929, 43.308, 43.308, 270],
		[84, "PAD5_3", -215, 340, "B", "DIP", "$1N2550", "", "C", 66.929, 66.929, 43.308, 43.308, 270],
		[85, "PAD6_4", -215, 240, "T", "DIP", "$1N2943", "", "C", 66.929, 66.929, 43.308, 43.308, 270],
		[86, "PAD6_4", -215, 240, "B", "DIP", "$1N2943", "", "C", 66.929, 66.929, 43.308, 43.308, 270],
		[87, "PAD7_5", -215, 140, "T", "DIP", "$1N1919", "", "C", 66.929, 66.929, 43.308, 43.308, 270],
		[88, "PAD7_5", -215, 140, "B", "DIP", "$1N1919", "", "C", 66.929, 66.929, 43.308, 43.308, 270],
		[89, "PAD8_6", -215, 40, "T", "DIP", "$1N1924", "", "C", 66.929, 66.929, 43.308, 43.308, 270],
		[90, "PAD8_6", -215, 40, "B", "DIP", "$1N1924", "", "C", 66.929, 66.929, 43.308, 43.308, 270],
		[91, "PAD9_5", 385, 340, "T", "DIP", "3V3", "", "C", 66.929, 66.929, 43.308, 43.308, 90],
		[92, "PAD9_5", 385, 340, "B", "DIP", "3V3", "", "C", 66.929, 66.929, 43.308, 43.308, 90],
		[93, "PAD10_6", 385, 440, "T", "DIP", "GND", "GND", "C", 66.929, 66.929, 43.308, 43.308, 90],
		[94, "PAD10_6", 385, 440, "B", "DIP", "GND", "GND", "C", 66.929, 66.929, 43.308, 43.308, 90],
		[95, "PAD11_1", -595, -605.04, "T", "DIP", "VCC", "", "C", 66.9291, 66.9291, 31.496, 31.496, 90],
		[96, "PAD11_1", -595, -605.04, "B", "DIP", "VCC", "", "C", 66.9291, 66.9291, 31.496, 31.496, 90],
		[97, "PAD12_2", -595, -234.96, "T", "DIP", "$1N2550", "", "C", 66.9291, 66.9291, 31.496, 31.496, 270],
		[98, "PAD12_2", -595, -234.96, "B", "DIP", "$1N2550", "", "C", 66.9291, 66.9291, 31.496, 31.496, 270],
		[99, "PAD13_1", -380, -605.04, "T", "DIP", "GND", "GND", "C", 66.9291, 66.9291, 31.496, 31.496, 90],
		[100, "PAD13_1", -380, -605.04, "B", "DIP", "GND", "GND", "C", 66.9291, 66.9291, 31.496, 31.496, 90],
		[101, "PAD14_2", -380, -234.96, "T", "DIP", "$1N2550", "", "C", 66.9291, 66.9291, 31.496, 31.496, 270],
		[102, "PAD14_2", -380, -234.96, "B", "DIP", "$1N2550", "", "C", 66.9291, 66.9291, 31.496, 31.496, 270],
		[103, "PAD15_4", -610, 535, "T", "DIP", "GND", "GND", "C", 63.779, 63.779, 40.158, 40.158, 0],
		[104, "PAD15_4", -610, 535, "B", "DIP", "GND", "GND", "C", 63.779, 63.779, 40.158, 40.158, 0],
		[105, "PAD16_2", -810, 535, "T", "DIP", "$1N2943", "", "C", 63.779, 63.779, 40.158, 40.158, 0],
		[106, "PAD16_2", -810, 535, "B", "DIP", "$1N2943", "", "C", 63.779, 63.779, 40.158, 40.158, 0],
		[107, "PAD17_1", -910, 535, "T", "DIP", "3V3", "", "R", 63.779, 63.779, 40.158, 40.158, 0],
		[108, "PAD17_1", -910, 535, "B", "DIP", "3V3", "", "R", 63.779, 63.779, 40.158, 40.158, 0],
		[109, "PAD18_1", -674.96, 300, "T", "DIP", "$1N2943", "", "C", 66.9291, 66.9291, 31.496, 31.496, 180],
		[110, "PAD18_1", -674.96, 300, "B", "DIP", "$1N2943", "", "C", 66.9291, 66.9291, 31.496, 31.496, 180],
		[111, "PAD19_2", -1045.04, 300, "T", "DIP", "3V3", "", "C", 66.9291, 66.9291, 31.496, 31.496, 0],
		[112, "PAD19_2", -1045.04, 300, "B", "DIP", "3V3", "", "C", 66.9291, 66.9291, 31.496, 31.496, 0],
		[113, "PAD20_1", 595, 468.425, "T", "DIP", "GND", "GND", "C", 70.866, 70.866, 47.244, 47.244, 270],
		[114, "PAD20_1", 595, 468.425, "B", "DIP", "GND", "GND", "C", 70.866, 70.866, 47.244, 47.244, 270],
		[115, "PAD21_2", 595, 271.575, "T", "DIP", "3V3", "", "C", 70.866, 70.866, 47.244, 47.244, 270],
		[116, "PAD21_2", 595, 271.575, "B", "DIP", "3V3", "", "C", 70.866, 70.866, 47.244, 47.244, 270],
		[117, "PAD22_1", -758.425, 50, "T", "DIP", "GND", "GND", "C", 70.866, 70.866, 47.244, 47.244, 0],
		[118, "PAD22_1", -758.425, 50, "B", "DIP", "GND", "GND", "C", 70.866, 70.866, 47.244, 47.244, 0],
		[119, "PAD23_2", -561.575, 50, "T", "DIP", "$1N2550", "", "C", 70.866, 70.866, 47.244, 47.244, 0],
		[120, "PAD23_2", -561.575, 50, "B", "DIP", "$1N2550", "", "C", 70.866, 70.866, 47.244, 47.244, 0],
		[121, "PAD24_1", 535.63, -650, "T", "DIP", "VCC", "", "R", 59.055, 59.055, 35.434, 35.434, 0],
		[122, "PAD24_1", 535.63, -650, "B", "DIP", "VCC", "", "R", 59.055, 59.055, 35.434, 35.434, 0],
		[123, "PAD25_2", 614.37, -650, "T", "DIP", "GND", "GND", "C", 59.055, 59.055, 35.434, 35.434, 0],
		[124, "PAD25_2", 614.37, -650, "B", "DIP", "GND", "GND", "C", 59.055, 59.055, 35.434, 35.434, 0],
		[125, "PAD26_1", 75.63, -650, "T", "DIP", "VCC", "", "R", 59.055, 59.055, 35.434, 35.434, 0],
		[126, "PAD26_1", 75.63, -650, "B", "DIP", "VCC", "", "R", 59.055, 59.055, 35.434, 35.434, 0],
		[127, "PAD27_2", 154.37, -650, "T", "DIP", "GND", "GND", "C", 59.055, 59.055, 35.434, 35.434, 0],
		[128, "PAD27_2", 154.37, -650, "B", "DIP", "GND", "GND", "C", 59.055, 59.055, 35.434, 35.434, 0]
	]
}
}